name,apartments.comUrl,real_url,pmCompanyLogo,chatbot
The National Residences,https://www.apartments.com/the-national-residences-dallas-tx/kxhnynb/,https://www.thenationalresidences.com/?utm_source=Apartments.com&utm_medium=referral&utm_campaign=diamondplus&UTM_Knock=apr,Zrs Management,Rentgrata
Residences at The Grove,https://www.apartments.com/residences-at-the-grove-dallas-tx/rw1blw3/,https://www.residencesatthegroveuptown.com/?utm_source=Apartments.com&utm_medium=referral&utm_campaign=diamond&UTM_Knock=apr,Zrs Management,Knockbot
AMLI Fountain Place,https://www.apartments.com/amli-fountain-place-dallas-tx/jhbmgd4/,https://www.amli.com/apartments/dallas/downtown-dallas-apartments/amli-fountain-place?switch_code=58724&utm_source=costar&utm_medium=ils&utm_campaign=fountainplace,Morgan Stanley Services Group Inc,BetterBot
The Case Building,https://www.apartments.com/the-case-building-dallas-tx/lbjx5cd/,https://www.thecasebldg.com/?rcstdid=OQ%3d%3d-o6qee6pfj48%3d,Westdale Real Estate Investment And Management,Rentgrata
The Hamilton,https://www.apartments.com/the-hamilton-dallas-tx/wv6e1ll/,https://www.thehamiltondallas.com/?rcstdid=OQ%3d%3d-o6qee6pfj48%3d,Westdale Real Estate Investment And Management,Rentgrata
The Langford,https://www.apartments.com/the-langford-dallas-tx/44y1crh/,N/A,Cypress Real Estate Advisors Inc,
Cortland Farmers Market,https://www.apartments.com/cortland-farmers-market-dallas-tx/rn6rm51/,https://cortland.com/apartments/cortland-farmers-market/,Cortland,
Jewel on Landmark,https://www.apartments.com/jewel-on-landmark-dallas-tx/pcdle2t/,https://www.jewelonlandmark.com/,Beachwold Residential,Knockbot
SKYLINE TRINITY,https://www.apartments.com/skyline-trinity-dallas-tx/kwtyd4c/,https://www.skylinetrinity.com/?utm_knock=costar,Flournoy Companies,Knockbot
East Quarter Residences,https://www.apartments.com/east-quarter-residences-dallas-tx/rzwfh82/,https://eqresidences.com/?utm_source=Apartments.com&utm_medium=referral&utm_campaign=diamondplus&UTM_Knock=apr,Zrs Management,Rentgrata
The Kontour at Kessler Park,https://www.apartments.com/the-kontour-at-kessler-park-dallas-tx/nsegdln/,http://www.thekontour.com/,,
The Wilson Building,https://www.apartments.com/the-wilson-building-dallas-tx/ds22cnh/,https://www.wilsondallas.com/,Brookfield Properties Multifamily Llc,
Preston Heights Apartments,https://www.apartments.com/preston-heights-apartments-dallas-tx/0hjc640/,http://www.liveprestonheights.com/,The Medve Group Inc,
Broadstone Knox District,https://www.apartments.com/broadstone-knox-district-dallas-tx/yzhfjev/,https://broadstoneknoxdistrict.com/,Greystar Real Estate Partners,
The Briscoe,https://www.apartments.com/the-briscoe-dallas-tx/yzje8zr/,http://livethebriscoe.com/,Madera Companies,
The Statler Residences,https://www.apartments.com/the-statler-residences-dallas-tx/wcbs7bj/,http://www.statlerresidences.com/?utm_knock=a,,Knockbot
Essence at North Dallas,https://www.apartments.com/essence-at-north-dallas-dallas-tx/3z14q8g/,https://www.essencenorthdallas.com/?utm_knock=a,Caf Capital Partners,Knockbot
Allure,https://www.apartments.com/allure-dallas-tx/2lkzvfb/,https://www.allurenorthdallas.com/,Caf Capital Partners,Knockbot
The Saxony Apartments,https://www.apartments.com/the-saxony-apartments-dallas-tx/00rs8f1/,https://www.rentcafe.com/apartments/tx/dallas/the-saxony-apartments/index.aspx?utm_knock=a,Slosburg Company,Knockbot
The Lake Lofts,https://www.apartments.com/the-lake-lofts-dallas-tx/9rkpjf5/,https://www.thelakeloftsapts.com/,Winstar Properties Llc,
The Hampton on Jupiter,https://www.apartments.com/the-hampton-on-jupiter-dallas-tx/wfmq62h/,http://www.hamptononjupiter.com/?utm_knock=a,Sentinel Peak Capital Partners,Knockbot
Villas Del Tesoro Apartments,https://www.apartments.com/villas-del-tesoro-apartments-dallas-tx/dcxjfwj/,https://www.villasdeltesoro.com/home#utm_source=Apts.com Click Website link&utm_medium=Apts.com Click Website link&utm_campaign=Apts.com Click Website link,Lurin Capital,Realpage
Forest Ridge Apartments,https://www.apartments.com/forest-ridge-apartments-dallas-tx/81wqv50/,https://www.forestridgedallas.com/?utm_knock=a,Sentinel Peak Capital Partners,Knockbot
The Beckham,https://www.apartments.com/the-beckham-dallas-tx/x2wnsyn/,N/A,Indio Management,
Jefferson EastBranch,https://www.apartments.com/jefferson-eastbranch-farmers-branch-tx/fl0yrft/,https://www.jeffersoneastbranch.com/?utm_source=Apartments.com&utm_medium=referral&utm_campaign=diamondplus&UTM_Knock=apr,Zrs Management,LeaseHawk
Mercer 1900,https://www.apartments.com/mercer-1900-farmers-branch-tx/wgr52vh/,http://www.bellropermountain.com/?utm_source=Costar&utm_medium=ILS,Bell Partners Inc,
Cedar at the Branch,https://www.apartments.com/cedar-at-the-branch-dallas-tx/hs643q2/,http://www.liveatcedar.com/,S2 Capital Llc,
Arrive on University,https://www.apartments.com/arrive-on-university-dallas-tx/9j3zrf4/,https://www.arriveonuniversity.com/switch_cls[id]/63820/,Fpa Multifamily Llc,N/A
The Christopher,https://www.apartments.com/the-christopher-dallas-tx/m2r338j/,https://thechristopherdallas.com/,Lincoln Property Company,
The Village Drey,https://www.apartments.com/the-village-drey-dallas-tx/mr33pqk/,https://www.thevillagedrey.com/,Lincoln Property Company,N/A
M-Line Tower,https://www.apartments.com/m-line-tower-dallas-tx/01lrth1/,https://www.mlinetowerapartmentsdallas.com/?utm_source=Apartments.com&utm_medium=referral&utm_campaign=diamond&UTM_Knock=apr,Zrs Management,Rentgrata
Slate At Cole,https://www.apartments.com/slate-at-cole-dallas-tx/8sgfn12/,https://www.slateatcole.com/?utm_knock=a,Knightvest Management,Knockbot
Brady,https://www.apartments.com/brady-dallas-tx/s8n8zg6/,http://www.liveatbrady.com/,Jlb Partners Lp,
The Herschel,https://www.apartments.com/the-herschel-dallas-tx/gq7b5jw/,https://www.liveherschel.com/?ilm=costar,Greystar Real Estate Partners,Realpage
3700M,https://www.apartments.com/3700m-dallas-tx/dsvnq6h/,https://www.3700m.com/,Brookfield Properties Multifamily Llc,
Aster,https://www.apartments.com/aster-dallas-tx/w69hzzk/,N/A,Toll Brothers Inc,
Vidorra,https://www.apartments.com/vidorra-dallas-tx/5mlgvfq/,https://www.vidorramckinneyave.com/,Rpm,BetterBot
Rienzi at Turtle Creek,https://www.apartments.com/rienzi-at-turtle-creek-dallas-tx/p20z2qv/,https://www.rienziatturtlecreek.com/?utm_knock=a,Carter Haston Real Estate Services Inc,Knockbot
Carlisle and Vine,https://www.apartments.com/carlisle-and-vine-dallas-tx/81ypqf3/,https://carlisleandvineapartments.com/,Lincoln Property Company,PERQ
2929 Wycliff,https://www.apartments.com/2929-wycliff-dallas-tx/kqer10c/,https://www.2929wycliff.com/?ilm=costar,Greystar Real Estate Partners,
The Monterey by Windsor,https://www.apartments.com/the-monterey-by-windsor-dallas-tx/eng23gp/,http://www.themontereybywindsor.com/,Gid Investment Advisors Llc,text us
The Drakestone,https://www.apartments.com/the-drakestone-dallas-tx/zf77n7x/,http://www.thedrakestone.com/?utm_source=Apartments.com&utm_medium=ILS,Pinnacle Property Management Services Llc,
Uptown Tower,https://www.apartments.com/uptown-tower-dallas-tx/kewvzcc/,https://urldefense.com/v3/__https://www.uptowntowerdallas.com?utm_source=costar&utm_medium=referral&utm_campaign=apts_com__;!!Fx0U7os!dsu1E3ITRIQFfcy956A36fB3-K2FQB6mgF6E885XR0fhdwqQB2pubneSMgs2EdQeqw$,Lincoln Property Company,
MONDRIAN CITYPLACE,https://www.apartments.com/mondrian-cityplace-dallas-tx/lh6dm3g/,https://www.livemondriandallas.com/?utm_source=Apartments.com&utm_medium=referral&utm_campaign=diamond&UTM_Knock=apr,Zrs Management,Rentgrata
Gables McKinney Ave,https://www.apartments.com/gables-mckinney-ave-dallas-tx/0j00zr3/,https://www.gables.com/communities/texas/dallas/gables-mckinney-ave/?utm_knock=a,Clarion Partners,
The Renaissance at Preston Hollow,https://www.apartments.com/the-renaissance-at-preston-hollow-dallas-tx/vb37e9g/,https://www.therenaissanceatprestonhollow.com/?utm_knock=a,The Finger Companies,Knockbot
ALARA Uptown,https://www.apartments.com/alara-uptown-dallas-tx/y75m9kr/,https://www.alarauptown.com/,Greystar Real Estate Partners,
Ambrose,https://www.apartments.com/ambrose-dallas-tx/dt5nhhj/,https://www.ambroseliving.com/?ilm=costar,Greystar Real Estate Partners,
La Cima Newport Condos,https://www.apartments.com/la-cima-newport-condos-dallas-tx/9lq8jx6/,http://www.newportdallas.com/,,
IMT Prestonwood,https://www.apartments.com/imt-prestonwood-dallas-tx/kvrh35c/,https://imtresidential.com/properties/imt-prestonwood?utm_source=costar&utm_medium=ilslink,Imt Residential,text us
Lenox Maplewood,https://www.apartments.com/lenox-maplewood-dallas-tx/dt8jj4k/,https://lenoxmaplewood.com/?utm_source=costar&utm_medium=listing,Kairoi Residential,My Showing
Manchester State Thomas,https://www.apartments.com/manchester-state-thomas-dallas-tx/5nfb39p/,https://www.manchesterstatethomas.com/?ilm=costar,Greystar Real Estate Partners,Realpage
The Gabriella,https://www.apartments.com/the-gabriella-dallas-tx/0n7sw11/,https://www.thegabrielladallas.com/?switch_cls[id]=64181,Greystar Real Estate Partners,
Cirque,https://www.apartments.com/cirque-dallas-tx/dqfbqel/,http://www.cirquedallas.com/,Lincoln Property Company,
L2 Uptown,https://www.apartments.com/l2-uptown-dallas-tx/4f3bbkl/,https://connorgroup.com/apartments-dallas-tx/l2-uptown/?utm_source=listing&utm_campaign=apartments,The Connor Group,
Nove at Knox,https://www.apartments.com/nove-at-knox-dallas-tx/7e4cp1y/,http://www.noveatknox.com/?utm_knock=a,Southern Land Company,Knockbot
St. James,https://www.apartments.com/st-james-dallas-tx/dgprvrk/,https://www.liveatstjames.com/?utm_knock=a,Knightvest Management,PERQ
Gables Park 17,https://www.apartments.com/gables-park-17-dallas-tx/x94k3wp/,https://www.gables.com/communities/texas/dallas/gables-park-17/?utm_knock=a,Clarion Partners,PERQ
Encore Swiss Ave,https://www.apartments.com/encore-swiss-ave-dallas-tx/pj8ezwt/,https://encoreswissave.com/,Greystar Real Estate Partners,Realpage
Routh Street Flats,https://www.apartments.com/routh-street-flats-dallas-tx/6l3fc0r/,https://www.routhstreetflats.com/switch_cls[id]/63942/,,N/A
The Drake,https://www.apartments.com/the-drake-dallas-tx/3tyfegd/,https://drakewhiterock.com/?utm_knock=costar,,Knockbot
The Reserve at North Dallas,https://www.apartments.com/the-reserve-at-north-dallas-dallas-tx/tsxsctb/,https://www.seniorlifestyle.com/property/texas/the-reserve-at-north-dallas/?utm_source=apartments.com,Senior Lifestyle Corporation,
MAA Heights,https://www.apartments.com/maa-heights-dallas-tx/xxh7tfm/,https://www.maac.com/texas/dallas/maa-heights/?utm_medium=ils&utm_source=costar&utm_campaign=listing,Mid America Apartment Communities Inc,
The Standard,https://www.apartments.com/the-standard-dallas-tx/535zb9p/,https://www.thestandardliving.com/,Greystar Real Estate Partners,
Oakwood Residence Dallas Uptown,https://www.apartments.com/oakwood-residence-dallas-uptown-dallas-tx/dv0gq9j/,https://oakwooddallasuptown.com/?utm_source=Apartments.com&utm_medium=ILS&utm_campaign=PaidListingAd,Oakwood Worldwide,
The Victor,https://www.apartments.com/the-victor-dallas-tx/qnh9spz/,https://thevictordallas.com/,Hines,BetterBot
Estates On Frankford,https://www.apartments.com/estates-on-frankford-dallas-tx/j5dxm66/,https://www.rentanapt.com/estatesonfrankford?utm_knock=a,Frankel Family Trust,Knockbot
Domain at Midtown Park,https://www.apartments.com/domain-at-midtown-park-dallas-tx/009yqk2/,https://www.domainatmidtownpark.com/?utm_source=Apartments.com&utm_medium=ad&utm_campaign=referral,Bh Management Services Llc,text us
Essence on Maple,https://www.apartments.com/essence-on-maple-dallas-tx/6l9gbbt/,https://alexanmaple.com/,Lincoln Property Company,
Fitzhugh Urban Flats,https://www.apartments.com/fitzhugh-urban-flats-dallas-tx/f3787lv/,https://www.fitzhughurbanflats.com/?utm_knock=a,Knightvest Management,Knockbot
Windsor West Lemmon,https://www.apartments.com/windsor-west-lemmon-dallas-tx/15q9yl6/,http://www.windsorwestlemmon.com/,Gid Investment Advisors Llc,PERQ
The Atwood at Ellison,https://www.apartments.com/the-atwood-at-ellison-dallas-tx/8hk1rn2/,https://www.theatwooddallastx.com/?utm_knock=a,Carter Haston Real Estate Services Inc,PERQ
Arpeggio Apartments,https://www.apartments.com/arpeggio-apartments-dallas-tx/ffr4r5s/,https://texas.weidner.com/apartments/tx/dallas/arpeggio-apartments/index.aspx?rcstdid=OA%3d%3d-BV9Q1qoZWPo%3d,Weidner Property Management Llc,text us
The Laurel Preston Hollow,https://www.apartments.com/the-laurel-preston-hollow-dallas-tx/rv72mm1/,https://www.laurelprestonhollow.com/?utm_knock=costar,Rpm,Knockbot
SkyHouse Dallas,https://www.apartments.com/skyhouse-dallas-dallas-tx/ypzcl6r/,https://www.simpsonpropertygroup.com/apartments/dallas-texas/skyhouse-dallas-victory-park-downtown?vrurl=apartments.com,Simpson Housing,text us
The Austin at Trinity Green,https://www.apartments.com/the-austin-at-trinity-green-dallas-tx/b887v79/,https://www.austintrinitygreen.com/?utm_source=Apartments.com&utm_medium=referral&utm_campaign=gold&UTM_Knock=apr,Beachwold Residential,Knockbot
Galleries at Park Lane,https://www.apartments.com/galleries-at-park-lane-dallas-tx/ewwylzn/,https://galleriesatparklane.com/?utm_knock=a,Northwood Investors Llc,Knockbot
Ross & Peak,https://www.apartments.com/ross-peak-dallas-tx/gw1vrvz/,https://www.rossandpeak.com/,Rangewater Real Estate,
MAA Katy Trail,https://www.apartments.com/maa-katy-trail-dallas-tx/w9kdzhl/,https://www.maac.com/texas/dallas/maa-katy-trail/?utm_medium=ils&utm_source=costar&utm_campaign=listing,Mid America Apartment Communities Inc,
One Dallas Center,https://www.apartments.com/one-dallas-center-dallas-tx/18sm406/,http://www.1dallascenterapartments.com/,Lincoln Property Company,
Lofts at Mockingbird Station Apartments,https://www.apartments.com/lofts-at-mockingbird-station-apartments-dallas-tx/h9bz182/,http://www.mockingbirdloftsdallas.com/,Lincoln Property Company,BetterBot
Windsor Turtle Creek,https://www.apartments.com/windsor-turtle-creek-dallas-tx/w336jgj/,https://www.windsorturtlecreek.com/,Gid Investment Advisors Llc,text us
The Caruth Premier Townhome Apartments,https://www.apartments.com/the-caruth-premier-townhome-apartments-dallas-tx/b9ncpe8/,http://www.thecaruth.com/,Lincoln Property Company,
Victory Place,https://www.apartments.com/victory-place-dallas-tx/k88b8gc/,http://www.victoryplacedallas.com/victory-place-dallas-tx,Lincoln Property Company,
The Lookout,https://www.apartments.com/the-lookout-dallas-tx/jt0ddp7/,https://www.lookoutapts.com/,Hilltop Residential,
Modera Howell,https://www.apartments.com/modera-howell-dallas-tx/s0v3nh4/,https://www.moderahowell.com/switch_cls[id]=65540/?utm_source=Apartments.com&utm_content=Listing,Mill Creek Residential Trust Llc,N/A
Jefferson Gallery House,https://www.apartments.com/jefferson-gallery-house-dallas-tx/cc8dc1d/,https://www.jeffersongalleryhouse.com/?utm_source=apartments.com&utm_medium=referral&utm_campaign=diamond&UTM_Knock=apr,Zrs Management,LeaseHawk
Advenir on Addison,https://www.apartments.com/advenir-on-addison-dallas-tx/g8l97lw/,http://advenironaddison.com/,Advenir Inc,N/A
MAA North Hall,https://www.apartments.com/maa-north-hall-dallas-tx/t8czm68/,https://www.maac.com/texas/dallas/maa-north-hall/?utm_medium=ils&utm_source=costar&utm_campaign=listing,Mid America Apartment Communities Inc,
MAA Worthington,https://www.apartments.com/maa-worthington-dallas-tx/qms8r5x/,https://www.maac.com/texas/dallas/maa-worthington/?utm_medium=ils&utm_source=costar&utm_campaign=listing,Mid America Apartment Communities Inc,
Axis Kessler Park,https://www.apartments.com/axis-kessler-park-dallas-tx/b3bhg88/,https://www.axiskesslerpark.com/,,text us
State Thomas Ravello,https://www.apartments.com/state-thomas-ravello-dallas-tx/fynghyv/,https://www.gables.com/communities/texas/dallas/state-thomas-ravello/?utm_knock=a,Clarion Partners,
The Vista,https://www.apartments.com/the-vista-dallas-tx/2h29d39/,http://www.vistadallas.com/?utm_source=costar&utm_medium=referral&utm_campaign=ils,The Tipton Group,
The ICON at Ross,https://www.apartments.com/the-icon-at-ross-dallas-tx/gt699rw/,http://www.simpsonpropertygroup.com/apartments/dallas-texas/icon-at-ross-dallas?vrurl=apartments.com,Simpson Housing,text us
Loft and Row,https://www.apartments.com/loft-and-row-dallas-tx/7meszzz/,http://www.loftrowdallastx.com/,Lincoln Property Company,
1900 Pacific Residences,https://www.apartments.com/1900-pacific-residences-dallas-tx/pk8087v/,https://www.1900pacific.com/?utm_knock=costar,Rpm,Knockbot
Alta Midtown Park,https://www.apartments.com/alta-midtown-park-dallas-tx/p6bshvv/,http://altamidtownpark.com/,Wood Partners,PERQ
SKYE of Turtle Creek,https://www.apartments.com/skye-of-turtle-creek-dallas-tx/1zwr0c6/,https://www.skyeofturtlecreek.com/ilm=costa,Greystar Real Estate Partners,Realpage
555 Ross,https://www.apartments.com/555-ross-dallas-tx/psmxgmv/,https://www.555rossave.com/?ilm=costar,Greystar Real Estate Partners,
Century Lake Highlands,https://www.apartments.com/century-lake-highlands-dallas-tx/cdbn2vf/,https://www.centurylakehighlands.com/?utm_knock=a,First Communities Management,Knockbot
La Costa Villas,https://www.apartments.com/la-costa-villas-dallas-tx/50n6n2q/,http://www.lacosta-villas.com/,,text us
Gables Republic Tower,https://www.apartments.com/gables-republic-tower-dallas-tx/9k62tv6/,https://www.gables.com/communities/texas/dallas/gables-republic-tower/?utm_knock=a,Clarion Partners,
Zang Triangle,https://www.apartments.com/zang-triangle-dallas-tx/yn6g90v/,https://venterraliving.com/apartments/zang-triangle?id=TX4ZAAPT,Venterra Realty Management,Rentgrata
The Taylor,https://www.apartments.com/the-taylor-dallas-tx/dnphe9h/,https://tayloruptown.com/,Lincoln Property Company,
4600 Ross,https://www.apartments.com/4600-ross-dallas-tx/8sx3zq3/,http://www.4600ross.com/?utm_source=Apartments.com&utm_medium=ILS,Pinnacle Property Management Services Llc,
West Love,https://www.apartments.com/west-love-dallas-tx/6xp6grv/,http://www.westlove.com/?utm_source=Costar&utm_medium=ILS,Bell Partners Inc,
Butler Brothers Building,https://www.apartments.com/butler-brothers-building-dallas-tx/vgkqnzd/,http://www.butlerbrothersbuilding.com/,Alpha Barnes Real Estate Services,N/A
Eastline Residences,https://www.apartments.com/eastline-residences-dallas-tx/xzef4dn/,https://www.eastlineresidences.com/?ilm=costar,Greystar Real Estate Partners,Realpage
West Mockingbird,https://www.apartments.com/west-mockingbird-dallas-tx/8d4xve0/,https://www.jeffersonmockingbird.com/?utm_source=Costar&utm_medium=ILS,Bell Partners Inc,
Manor House Apartments,https://www.apartments.com/manor-house-apartments-dallas-tx/y8frjwv/,https://www.hgliving.com/apartments/tx/dallas/manor-house/?utm_knock=a,Harbor Group International Llc,
Parc At White Rock,https://www.apartments.com/parc-at-white-rock-dallas-tx/8cm0br0/,http://www.parcatwhiterock.com/,The Richman Group Of Companies,Knockbot
Preston Hollow Village,https://www.apartments.com/preston-hollow-village-dallas-tx/sj16ez6/,http://prestonhollowvillage.com/,Lincoln Property Company,
Mockingbird Flats,https://www.apartments.com/mockingbird-flats-dallas-tx/dbv82ph/,https://www.mockingbirdflats.com/?utm_source=Apartments.com&utm_medium=ILS,Waterton,
Carrara at Cole,https://www.apartments.com/carrara-at-cole-dallas-tx/bvj36hb/,https://www.carraraatcole.com/?utm_knock=a,Knightvest Management,Knockbot
Century Medical District,https://www.apartments.com/century-medical-district-dallas-tx/6jqhj6s/,https://www.centurymedicaldistrict.com/?utm_knock=a,First Communities Management,Knockbot
Everra Midtown Park,https://www.apartments.com/everra-midtown-park-dallas-tx/08r8ed3/,http://www.everramidtownpark.com/,Waypoint Residential Llc,text us
THIRTY377,https://www.apartments.com/thirty377-dallas-tx/3ysndrf/,https://www.udr.com/dallas-apartments/uptown-dallas/thirty377/,Udr Inc,LeaseHawk
Landmark at Gleneagles Apartment Homes,https://www.apartments.com/landmark-at-gleneagles-apartment-homes-dallas-tx/vnwh3kg/,http://www.landmarkatgleneagles.com/,Starwood Capital Group,Knockbot
Alta Design District,https://www.apartments.com/alta-design-district-dallas-tx/88c3qr0/,http://www.altadesigndistrict.com/,Wood Partners,PERQ
THE ARTS,https://www.apartments.com/the-arts-dallas-tx/gsq45by/,http://www.theartsapts.com/,Morgan,LeaseHawk
LTV Tower Apartments,https://www.apartments.com/ltv-tower-apartments-dallas-tx/llxxxee/,https://www.ltvtowerapartments.com/?utm_source=Apartmentscom&utm_medium=ILS&utm_campaign=AptscomDiamond,Hri Properties,
The Jordan by Windsor,https://www.apartments.com/the-jordan-by-windsor-dallas-tx/4ed2wpk/,https://www.thejordanbywindsor.com/,Gid Investment Advisors Llc,text us
The Avery on Southwestern,https://www.apartments.com/the-avery-on-southwestern-dallas-tx/dq3lmqj/,http://www.averydallas.com/,Greystar Real Estate Partners,Realpage
Winsted at White Rock,https://www.apartments.com/winsted-at-white-rock-dallas-tx/bre6ndc/,http://www.winstedatwhiterock.com/,Greystar Real Estate Partners,Respage
Modena,https://www.apartments.com/modena-dallas-tx/swsf6n5/,https://www.modenadallas.com/,The Tipton Group,
Vance at Bishop Union,https://www.apartments.com/vance-at-bishop-union-dallas-tx/nv3pp3q/,http://www.vanceatbishopunion.com/?utm_knock=costar,Rpm,Knockbot
Elan City Centre,https://www.apartments.com/elan-city-centre-dallas-tx/cdqvvee/,http://www.elancitycentre.com/,Greystar Real Estate Partners,
Lennox West Village,https://www.apartments.com/lennox-west-village-dallas-tx/vej82xg/,http://lennoxwestvillage.com/?switch_cls[id]=96146,Rangewater Real Estate,N/A
Villa Piana Apartments,https://www.apartments.com/villa-piana-apartments-dallas-tx/0zx2rd1/,https://www.richdale.apartments/villa-piana-apartments/index.aspx?utm_knock=costar,Slosburg Company,Knockbot
HAVEN AT LAKE HIGHLANDS,https://www.apartments.com/haven-at-lake-highlands-dallas-tx/2y2bn38/,https://www.havenlakehighlands.com/?utm_knock=a,Fpi Management,Knockbot
Pike West Commerce,https://www.apartments.com/pike-west-commerce-dallas-tx/kq17xlb/,https://www.pikewest.com/,B M Management,
Cortland Good Latimer,https://www.apartments.com/cortland-good-latimer-dallas-tx/4tgqgsl/,https://cortland.com/apartments/cortland-good-latimer/,Cortland,
Bell Knox District,https://www.apartments.com/bell-knox-district-dallas-tx/rgxyr11/,https://www.bellknoxdistrict.com/?utm_source=Costar&utm_medium=ILS,Bell Partners Inc,BetterBot
Inwood Station Apartments,https://www.apartments.com/inwood-station-apartments-dallas-tx/l7z60vd/,https://www.inwoodstationapartments.com/,Calstrs,text us
The Hudson Dallas Apartments,https://www.apartments.com/the-hudson-dallas-apartments-dallas-tx/27jmfmc/,http://www.thehudsondallas.com/?utm_source=costar&utm_medium=referral&utm_campaign=ils,Cottonwood Residential,N/A
Gramercy on the Park,https://www.apartments.com/gramercy-on-the-park-dallas-tx/bwmgeb9/,https://www.gramercyonthepark.com/?utm_source=Apartments.com&utm_medium=ILS,Waterton,
The Regent,https://www.apartments.com/the-regent-dallas-tx/wtc1ryh/,https://www.alapts.com/apartments/tx/dallas/the-regent/,American Landmark,
Marquis on Gaston,https://www.apartments.com/marquis-on-gaston-dallas-tx/8nm7b03/,https://www.cwsapartments.com/apartments/tx/dallas/marquis-gaston/?utm_source=CoStar&utm_medium=Referral,Cws Capital Partners Llc,
Tonti Lakeside,https://www.apartments.com/tonti-lakeside-dallas-tx/dcfkq0l/,http://www.tonti-lakeside.com/,Tonti Properties,
The Brownstones,https://www.apartments.com/the-brownstones-dallas-tx/1d01d24/,http://www.thebrownstonesapts.com/,Fath Properties,text us
Vibe Medical District,https://www.apartments.com/vibe-medical-district-dallas-tx/kzhc3y8/,http://www.vibe-apts.com/,Greystar Real Estate Partners,
Cortland Bryan Place,https://www.apartments.com/cortland-bryan-place-dallas-tx/sesb4l5/,https://cortland.com/apartments/cortland-bryan-place/,Cortland,
Village On The Green,https://www.apartments.com/village-on-the-green-dallas-tx/xlsxrbn/,https://livevillageonthegreen.com/?utm_knock=a,S2 Capital Llc,Knockbot
Crest at Park Central,https://www.apartments.com/crest-at-park-central-dallas-tx/pedmzer/,https://crestatparkcentral.com/?utm_source=Apartments.com&utm_medium=ad&utm_campaign=referral,Bh Management Services Llc,N/A
District at Greenville Apartments,https://www.apartments.com/district-at-greenville-apartments-dallas-tx/50t3xjm/,http://www.districtatgreenvilleliving.com/,Valiant Residential,Knockbot
MAA McKinney Avenue,https://www.apartments.com/maa-mckinney-avenue-dallas-tx/8y9mnx1/,https://www.maac.com/texas/dallas/maa-mckinney-avenue/?utm_medium=ils&utm_source=costar&utm_campaign=listing,Mid America Apartment Communities Inc,
Sutton Place,https://www.apartments.com/sutton-place-dallas-tx/glxhx6y/,https://www.suttonplaceliving.com/,Atlantic Pacific Companies,
Woodbridge,https://www.apartments.com/woodbridge-dallas-tx/b9bxwl9/,https://www.woodbridgeapartmenthomes.com/,Fath Properties,text us
Atera Apartments,https://www.apartments.com/atera-apartments-dallas-tx/t61whyb/,https://bhmanagement.com/communities/atera-apartments/?utm_source=Apartments.com&utm_medium=ad&utm_campaign=referral,Bh Management Services Llc,Respage
Westerly,https://www.apartments.com/westerly-dallas-tx/8mnl1l2/,https://www.westerlydallas.com/?switch_cls[id]/94845/,Greystar Real Estate Partners,
Rancho Palisades,https://www.apartments.com/rancho-palisades-dallas-tx/e45k5tp/,http://ranchopalisades.rentanapt.com/?utm_knock=a,Frankel Family Trust,
The Pavilions,https://www.apartments.com/the-pavilions-dallas-tx/g8qkemz/,http://www.pavilionsatvantagepoint.com/,Lincoln Property Company,
Locale,https://www.apartments.com/locale-dallas-tx/q49jq4y/,https://www.liveatlocale.com/?utm_knock=costar&utm_source=apts&utm_medium=ils,Magnolia Capital,Knockbot
4343 at the Parkway,https://www.apartments.com/4343-at-the-parkway-dallas-tx/02l1hh2/,http://www.4343parkway.com/,Noel Management Company,
VV and M,https://www.apartments.com/vv-and-m-dallas-tx/jepx9l6/,https://www.steadfastliving.com/Apartments-In/Dallas-TX/VV-and-M?utm_source=CoStar-Apartments&utm_medium=listings,Star Reit Services Llc,
Muse at Midtown,https://www.apartments.com/muse-at-midtown-dallas-tx/xmg3z4m/,http://www.musemidtown.com/?utm_knock=costar,Portico Property Management,Knockbot
75 West,https://www.apartments.com/75-west-dallas-tx/40s20kj/,https://www.live75west.com/?ilm=costar,Greystar Real Estate Partners,Realpage
Paxton at Lake Highlands,https://www.apartments.com/paxton-at-lake-highlands-dallas-tx/9fbhgd7/,https://www.paxtonliving.com/?utm_source=Apartments.com&utm_medium=ILS,Pinnacle Property Management Services Llc,
Yorktown Luxury Apartments,https://www.apartments.com/yorktown-luxury-apartments-dallas-tx/43l72kh/,http://www.liveatyorktown.com/?utm_source=Apartments.com&utm_medium=ILS,Pinnacle Property Management Services Llc,
North End,https://www.apartments.com/north-end-dallas-tx/q3v9xgy/,https://northenddallas.com/?utm_knock=costar,Rpm,Knockbot
Churchill on the Park,https://www.apartments.com/churchill-on-the-park-dallas-tx/khwy3tc/,http://www.churchillonthepark.com/?utm_source=Apartments.com&utm_medium=ILS,Pinnacle Property Management Services Llc,
4123 Cedar Springs,https://www.apartments.com/4123-cedar-springs-dallas-tx/bb4hg29/,https://venterraliving.com/apartments/4123-cedar-springs/?id=TX4ILAPT,Venterra Realty Management,Rentgrata
Inwood On The Park,https://www.apartments.com/inwood-on-the-park-dallas-tx/g6gzvyy/,http://www.inwoodonthepark.com/,Sunchase American,
Interurban Building,https://www.apartments.com/interurban-building-dallas-tx/bc89wr9/,https://www.interurbanbuilding.com/?ilm=costar,Greystar Real Estate Partners,
Nuvo 4912,https://www.apartments.com/nuvo-4912-dallas-tx/hl431d1/,N/A,,
Halston,https://www.apartments.com/halston-dallas-tx/808mqk0/,https://www.halstonapartments.com/?utm_knock=a,Knightvest Management,Knockbot
Tenison at White Rock,https://www.apartments.com/tenison-at-white-rock-dallas-tx/blvnvlc/,https://tenisonatwhiterock.com/,Madera Companies,
Cortland North Dallas,https://www.apartments.com/cortland-north-dallas-dallas-tx/hceww83/,https://cortland.com/apartments/cortland-north-dallas/,Cortland,
Wimberly,https://www.apartments.com/wimberly-dallas-tx/69q1p9t/,https://www.wimberlyapthome.com/,Bsr Real Estate Investment Trust,
Carrollton Park Of North Dallas,https://www.apartments.com/carrollton-park-of-north-dallas-dallas-tx/ex85tjm/,https://www.rentanapt.com/carrolltonpark?utm_knock=a,Frankel Family Trust,Knockbot
The Vincent,https://www.apartments.com/the-vincent-dallas-tx/1vsk1j7/,N/A,S2 Capital Llc,
Hilton Head,https://www.apartments.com/hilton-head-dallas-tx/3mxt3cf/,http://www.hiltonheadtx.com/,Wrh Realty Services,text us
La Valencia,https://www.apartments.com/la-valencia-dallas-tx/5v6z2nn/,https://www.crestlavalencia.net/,,
Tiburon,https://www.apartments.com/tiburon-dallas-tx/xtf871p/,https://www.tiburonapartmentsdallas.com/?ilm=costar,Greystar Real Estate Partners,Realpage
Parkway Place Apartments,https://www.apartments.com/parkway-place-apartments-dallas-tx/vpc6sff/,https://www.liveatparkwayplace.com/?ilm=costar,Greystar Real Estate Partners,Realpage
Lavera at Lake Highlands,https://www.apartments.com/lavera-at-lake-highlands-dallas-tx/yhd902v/,https://www.laveraliving.com/?utm_source=Apartments.com&utm_medium=ILS,Pinnacle Property Management Services Llc,
Rosemont Timberglen,https://www.apartments.com/rosemont-timberglen-dallas-tx/9p1h617/,https://rosemonttimberglen.com/,Eos Real Estate Management Group,Realpage
AMLI on Maple,https://www.apartments.com/amli-on-maple-dallas-tx/swkbef4/,https://www.amli.com/apartments/dallas/downtown-dallas-apartments/amli-on-maple?switch_code=58724&utm_source=costar&utm_medium=ils&utm_campaign=maple,Morgan Stanley Services Group Inc,BetterBot
Abstract at Design District,https://www.apartments.com/abstract-at-design-district-dallas-tx/gxf12by/,https://www.altastrand.com/?rcstdid=OQ%3D%3D-o6qee6pfj48%3D,Waterton,N/A
Summerwood Cove,https://www.apartments.com/summerwood-cove-dallas-tx/dq4bejj/,http://www.summerwoodcove.com/,Realsource Management Llc,N/A
The Versailles Apartments,https://www.apartments.com/the-versailles-apartments-dallas-tx/03krsv0/,https://bhmanagement.com/communities/the-versailles-apartments/?utm_source=Apartments.com&utm_medium=ad&utm_campaign=referral,Bh Management Services Llc,
The Village Dallas,https://www.apartments.com/the-village-dallas-dallas-tx/ew2w74n/,https://www.thevillagedallas.com/,Lincoln Property Company,
DNU - Aventine at Kessler Park,https://www.apartments.com/dnu-aventine-at-kessler-park-dallas-tx/l27r7tg/,https://www.aventineatkesslerpark.com/,Pacifica Companies,
The Georgian,https://www.apartments.com/the-georgian-dallas-tx/6fwnjwv/,https://www.thegeorgianapts-dallas.com/?ilm=costar,Greystar Real Estate Partners,Realpage
Skyline at Kessler,https://www.apartments.com/skyline-at-kessler-dallas-tx/rne52n3/,https://www.viewatkesslerpark.com/?utm_knock=costar,Portico Property Management,N/A
Eleven600 Apartments,https://www.apartments.com/eleven600-apartments-dallas-tx/eep4kcp/,https://www.eleven600apartments.com/?utm_knock=a,Sentinel Peak Capital Partners,Knockbot
1001 Ross,https://www.apartments.com/1001-ross-dallas-tx/xsjdymp/,https://www.1001ross.com/,Beachwold Residential,Knockbot
Nuvo Park Place,https://www.apartments.com/nuvo-park-place-dallas-tx/hmqbn13/,http://www.nuvoparkplace.com/,,
Silver Creek Apartments,https://www.apartments.com/silver-creek-apartments-dallas-tx/y47f6ls/,https://silvercreekapartmenthomes.com/,Darcorp Management Group,Realpage
Princeton Court,https://www.apartments.com/princeton-court-dallas-tx/zqzdl7x/,https://www.princetoncourtapartmenthomes.com/,Fath Properties,text us
Regal Court Apartments,https://www.apartments.com/regal-court-apartments-dallas-tx/vhygrkg/,http://regalcourtapartments.com/,The Styles Group,Knockbot
The Mayflower Apartments,https://www.apartments.com/the-mayflower-apartments-dallas-tx/qbdy7yy/,https://www.themayflowerdallas.com/?utm_source=Apartmentscom&utm_medium=ILS&utm_campaign=AptscomDiamond,Hri Properties,
Verlaine on the Parkway,https://www.apartments.com/verlaine-on-the-parkway-dallas-tx/vvlg4fg/,https://www.verlainedallas.com/?utm_knock=costar,,N/A
The Residence At North Dallas,https://www.apartments.com/the-residence-at-north-dallas-dallas-tx/nqqwykn/,https://www.residenceatnorthdallas.com/?utm_knock=a,Caf Capital Partners,Knockbot
Alista,https://www.apartments.com/alista-dallas-tx/1x6frd7/,http://www.thealista.com/,Indio Management,
VERANDAH FLATS,https://www.apartments.com/verandah-flats-dallas-tx/yf3nrcs/,http://www.powerproperties.properties/,Power Properties,
Centerpoint Apartments,https://www.apartments.com/centerpoint-apartments-dallas-tx/cn4mryf/,https://centerpointdallas.com/?utm_knock=a,Zidell Property Management Company,Knockbot
Hidden Oaks Apartment Homes,https://www.apartments.com/hidden-oaks-apartment-homes-dallas-tx/xf3q7tp/,https://www.liveathiddenoaksapts.com/?utm_knock=a,Cirrus Asset Management Inc,Knockbot
The Sophia Apartments,https://www.apartments.com/the-sophia-apartments-dallas-tx/3r5dgeg/,https://liveatthesophia.com/?utm_knock=a,S2 Capital Llc,Knockbot
Riverstation,https://www.apartments.com/riverstation-dallas-tx/bf2607c/,https://www.riverstationapartments.com/,Dominium Management,
Palencia Apartment Homes,https://www.apartments.com/palencia-apartment-homes-dallas-tx/2cl1k59/,http://www.palenciaoncoit.com/,,
The View at Lake Highlands,https://www.apartments.com/the-view-at-lake-highlands-dallas-tx/jy81l84/,https://www.theviewatlakehighlands.com/,Indio Management,
The Biltmore,https://www.apartments.com/the-biltmore-dallas-tx/5rck1qm/,http://www.biltmoreapartmenthomes.com/,Fath Properties,text us
Woodside Flats,https://www.apartments.com/woodside-flats-dallas-tx/4z0h05l/,https://woodside.myaptsite.com/,,
Foxglove,https://www.apartments.com/foxglove-dallas-tx/0w8r372/,https://www.foxglovedallas.com/?utm_knock=costar,Investors Property Services,Knockbot
The Life at Stone Crest,https://www.apartments.com/the-life-at-stone-crest-dallas-tx/2tjr248/,https://www.thelifeatstonecrest.com/,Olive Tree,Knockbot
Three Fountains Apartments,https://www.apartments.com/three-fountains-apartments-dallas-tx/5jrdz9q/,N/A,,
The Edge,https://www.apartments.com/the-edge-dallas-tx/6db9t9t/,https://www.theedgedallas.com/,The Tipton Group,
Maverick Oak Lawn,https://www.apartments.com/maverick-oak-lawn-dallas-tx/00m22m1/,http://oaklawnheightsdallas.com/,Allied Property Management,
OTTO,https://www.apartments.com/otto-dallas-tx/1ej7ny4/,https://www.ottodallas.com/?utm_knock=costar,Investors Property Services,Knockbot
Meadow Parc,https://www.apartments.com/meadow-parc-dallas-tx/kj9r80b/,http://www.meadowparc.com/,Chaucer Management Services Inc,
Ridge Parc,https://www.apartments.com/ridge-parc-dallas-tx/crhj03d/,http://www.ridgeparc.com/Dallas-TX-apartments.asp,Chaucer Management Services Inc,
The Blake,https://www.apartments.com/the-blake-dallas-tx/yvczzgr/,https://www.theblakedallas.com/,Indio Management,
FIREFLY,https://www.apartments.com/firefly-dallas-tx/be0mdjb/,https://www.fireflydallas.com/?utm_knock=costar,Investors Property Services,Knockbot
Signature at Southern Oaks,https://www.apartments.com/signature-at-southern-oaks-dallas-tx/7dg9wvw/,https://www.signatureatsouthernoaks.com/,Dominium Management,
AVA,https://www.apartments.com/ava-dallas-tx/r5b01t1/,https://www.avadallas.com/?utm_knock=costar,Investors Property Services,Knockbot
The Everly,https://www.apartments.com/the-everly-dallas-tx/d0ee6th/,https://www.eeedallas.com/everly?utm_knock=a,Indio Management,Knockbot
The Luxe at Rowlett 55+,https://www.apartments.com/the-luxe-at-rowlett-55-rowlett-tx/z4pybpy/,https://sparrowliving.com/the-luxe/rowlett/?utm_source=apartments.com&utm_medium=referral&utm_content=ils&hyly_method=w&hyly_channel=pr,Sparrow Capital Partners Llc,
Lakeside Urban Center,https://www.apartments.com/lakeside-urban-center-irving-tx/kjt6jb9/,https://www.lakesideurbancenter.com/?ilm=costar,Greystar Real Estate Partners,Realpage
IMT Lakeshore Lofts,https://www.apartments.com/imt-lakeshore-lofts-irving-tx/wpg4b6l/,https://imtresidential.com/properties/imt-lakeshore-lofts?utm_source=costar&utm_medium=ilslink,Imt Residential,text us
The Canal,https://www.apartments.com/the-canal-farmers-branch-tx/fmm6k2s/,https://www.udr.com/dallas-apartments/farmers-branch/the-canal/,Udr Inc,LeaseHawk
The Mansions at Mercer Crossing,https://www.apartments.com/the-mansions-at-mercer-crossing-farmers-branch-tx/3k02rpd/,http://mansionsmercercrossing.com/?switch_cls[id]=96034,W3 Luxury Living,N/A
AMLI Addison,https://www.apartments.com/amli-addison-addison-tx/6l5zsvr/,https://www.amli.com/apartments/dallas/addison-apartments/amli-addison?switch_code=58724&utm_source=costar&utm_medium=ils&utm_campaign=addison,Morgan Stanley Services Group Inc,BetterBot
Cortland La Villita,https://www.apartments.com/cortland-la-villita-irving-tx/cmvjm0f/,https://cortland.com/apartments/cortland-la-villita/,Cortland,
Cortland Las Colinas,https://www.apartments.com/cortland-las-colinas-irving-tx/pc871cs/,https://cortland.com/apartments/cortland-las-colinas/,Cortland,
Luxe at Mercer Crossing,https://www.apartments.com/luxe-at-mercer-crossing-farmers-branch-tx/6b16nqr/,http://luxemercercrossing.com/?switch_cls[id]=96034,W3 Luxury Living,N/A
JEFFERSON LUMEN,https://www.apartments.com/jefferson-lumen-irving-tx/s1tp1n6/,N/A,Zrs Management,
The Towers at Mercer Crossing,https://www.apartments.com/the-towers-at-mercer-crossing-farmers-branch-tx/w7pw04l/,http://towersmercercrossing.com/?switch_cls[id]=96034,W3 Luxury Living,N/A
The Blvd,https://www.apartments.com/the-blvd-irving-tx/hqzssj0/,https://www.alapts.com/apartments/tx/irving/the-blvd/,American Landmark,
Fiori on Vitruvian ParkÂ®,https://www.apartments.com/fiori-on-vitruvian-park-addison-tx/9b3gx47/,https://www.udr.com/dallas-apartments/addison/fiori-on-vitruvian-park/,Udr Inc,LeaseHawk
The Towers at Bayside Apartments,https://www.apartments.com/the-towers-at-bayside-apartments-rowlett-tx/fn4kg4s/,http://towersbayside.com/?switch_cls[id]=96034,W3 Luxury Living,
MAA Market Center,https://www.apartments.com/maa-market-center-plano-tx/xz4xkjn/,https://www.maac.com/texas/dallas/maa-market-center/?utm_medium=ils&utm_source=costar&utm_campaign=listing,Mid America Apartment Communities Inc,
MAA Las Colinas,https://www.apartments.com/maa-las-colinas-irving-tx/48qqxch/,https://www.maac.com/texas/dallas/maa-las-colinas/?utm_medium=ils&utm_source=costar&utm_campaign=listing,Mid America Apartment Communities Inc,PERQ
Eastshore on Lake Carolyn,https://www.apartments.com/eastshore-on-lake-carolyn-irving-tx/0sb0q61/,http://www.eastshorelakecarolyn.com/?utm_source=Costar&utm_medium=ILS,Bell Partners Inc,My Showing
The Orchards Market Plaza-Senior Community,https://www.apartments.com/the-orchards-market-plaza-senior-community-plano-tx/s6hbee5/,https://orchardsmarketplaza.com/,The United Group Of Companies Inc,N/A
La Villita Lakeside and Landings,https://www.apartments.com/la-villita-lakeside-and-landings-irving-tx/7cc8s3x/,http://www.lavillitaapts.com/,Lincoln Property Company,
St. Marin,https://www.apartments.com/st-marin-coppell-tx/3mldpde/,https://www.livestmarinapts.com/,Greystar Real Estate Partners,
The Mansions at Bayside,https://www.apartments.com/the-mansions-at-bayside-rowlett-tx/9ykc325/,http://mansionsbayside.com/?switch_cls[id]=96034,W3 Luxury Living,
Addison Keller Springs,https://www.apartments.com/addison-keller-springs-addison-tx/4rzm0vj/,https://www.addisonkellersprings.com/?utm_source=Apartments.com&utm_medium=ad&utm_campaign=referral,Bh Management Services Llc,text us
Carolyn,https://www.apartments.com/carolyn-irving-tx/3e6mxvg/,https://www.livethecarolyn.com/,,
Cortland MacArthur,https://www.apartments.com/cortland-macarthur-irving-tx/k9n8jj9/,https://cortland.com/apartments/cortland-macarthur/,Cortland,
Via Las Colinas,https://www.apartments.com/via-las-colinas-irving-tx/m4vqwbj/,http://www.vialascolinas.com/,Lincoln Property Company,
Alvista Galleria,https://www.apartments.com/alvista-galleria-farmers-branch-tx/se6gll7/,https://www.alvistagalleria.com/?utm_knock=a,Lincoln Property Company,N/A
Savoye,https://www.apartments.com/savoye-addison-tx/0h19yn2/,https://www.udr.com/dallas-apartments/addison/savoye/,Udr Inc,LeaseHawk
AMLI on Riverside,https://www.apartments.com/amli-on-riverside-irving-tx/9kg0qp6/,https://www.amli.com/apartments/dallas/las-colinas-apartments/amli-on-riverside?switch_code=58724&utm_source=costar&utm_medium=ils&utm_campaign=riverside,Morgan Stanley Services Group Inc,BetterBot
EVOKE,https://www.apartments.com/evoke-plano-tx/gvjpdmy/,http://www.evokeapartmentsplano.com/?utm_knock=costar,Caf Capital Partners,Knockbot
Aspen at Mercer Crossing,https://www.apartments.com/aspen-at-mercer-crossing-farmers-branch-tx/mmet0zj/,http://www.altamercercrossing.com/?utm_source=Apartments.com&utm_medium=ILS,Pinnacle Property Management Services Llc,
AMLI Las Colinas,https://www.apartments.com/amli-las-colinas-irving-tx/4zdbz1j/,https://www.amli.com/apartments/dallas/las-colinas-apartments/amli-las-colinas?switch_code=58724&utm_source=costar&utm_medium=ils&utm_campaign=lascolinas,Morgan Stanley Services Group Inc,BetterBot
Fountain Pointe Las Colinas,https://www.apartments.com/fountain-pointe-las-colinas-irving-tx/kzm4m29/,http://www.fountainpointelascolinas.com/?utm_source=Costar-Apartments&utm_medium=ILS&utm_campaign=diamond,Pinnacle Property Management Services Llc,
Lakeview Apartments,https://www.apartments.com/lakeview-apartments-rockwall-tx/8j6p8n0/,https://lakeviewrockwall.com/,Lincoln Property Company,
AMLI Campion Trail,https://www.apartments.com/amli-campion-trail-irving-tx/9pfk0z7/,https://www.amli.com/apartments/dallas/las-colinas-apartments/amli-campion-trail?switch_code=58724&utm_source=costar&utm_medium=ils&utm_campaign=campiontrail,Morgan Stanley Services Group Inc,BetterBot
Crest at Las Colinas Station,https://www.apartments.com/crest-at-las-colinas-station-irving-tx/cw55f8f/,http://www.crestlascolinas.com/,Draper And Kramer Inc,text us
Colonnade at Willow Bend,https://www.apartments.com/colonnade-at-willow-bend-plano-tx/tjzgk4c/,http://www.colonnadeatwillowbend.com/,Lincoln Property Company,
Axis 3700 Apartments,https://www.apartments.com/axis-3700-apartments-plano-tx/vy7mmcd/,http://www.axis3700.com/,Benjamin E Sherman Sons Inc,
Vitruvian West,https://www.apartments.com/vitruvian-west-addison-tx/7jv2r7z/,https://www.udr.com/dallas-apartments/addison/vitruvian-west/,Udr Inc,LeaseHawk
Oaks at Valley Ranch,https://www.apartments.com/oaks-at-valley-ranch-irving-tx/zwylpmx/,https://oaksatvalleyranch.com/,Ashcroft Capital Llc,
Boardwalk at Mercer Crossing,https://www.apartments.com/boardwalk-at-mercer-crossing-farmers-branch-tx/nbhsd6q/,http://www.boardwalkmercercrossing.com/?utm_source=Costar&utm_medium=ILS,Bell Partners Inc,My Showing
MAA Addison Circle,https://www.apartments.com/maa-addison-circle-addison-tx/39b587f/,https://www.maac.com/texas/dallas/maa-addison-circle/?utm_medium=ils&utm_source=costar&utm_campaign=listing,Mid America Apartment Communities Inc,PERQ
Prairie Gate Community,https://www.apartments.com/prairie-gate-community-grand-prairie-tx/9gbs3q7/,https://www.prairiegateapartments.com/,,
Lakeview At Parkside,https://www.apartments.com/lakeview-at-parkside-farmers-branch-tx/8yj9910/,https://www.rentanapt.com/lakeviewatparkside?utm_knock=a,Frankel Family Trust,Knockbot
Sonterra at Buckingham,https://www.apartments.com/sonterra-at-buckingham-richardson-tx/ej08xnm/,http://www.crestsonterra.com/,Crest Asset Management,
Tides at Valley Ranch,https://www.apartments.com/tides-at-valley-ranch-irving-tx/27wvng8/,https://www.tidesatvalleyranch.com/,The Robinson Group,
Hyde Park at Valley Ranch,https://www.apartments.com/hyde-park-at-valley-ranch-irving-tx/mcvqd8l/,https://hydeparkvalleyranch.com/?utm_knock=a,S2 Capital Llc,Knockbot
800 Link,https://www.apartments.com/800-link-duncanville-tx/f6217ct/,http://800linkapts.com/,Turner Impact Capital Llc,N/A
Alesio Urban Center,https://www.apartments.com/alesio-urban-center-irving-tx/ss6b8p7/,https://www.hgliving.com/apartments/tx/irving/alesio-urban-center/?utm_knock=a,Harbor Group International Llc,
Tides at Lake Village,https://www.apartments.com/tides-at-lake-village-garland-tx/t57c5sb/,http://www.tidesatlakevillage.com/,The Robinson Group,
Moda,https://www.apartments.com/moda-dallas-tx/rrrpdc1/,http://www.modadallas.com/,Lincoln Property Company,Knockbot
The Dylan,https://www.apartments.com/the-dylan-dallas-tx/cgh42ld/,https://www.liveatthedylan.com/?utm_knock=a,Valiant Residential,Knockbot
Stella,https://www.apartments.com/stella-dallas-tx/d7er13h/,https://www.simpsonpropertygroup.com/apartments/dallas-texas/stella-uptown-dallas-apartments?vrurl=www.apartments.com,Simpson Housing,
Knox Heights,https://www.apartments.com/knox-heights-dallas-tx/rht0hs3/,http://www.knoxheights.com/?utm_source=Apartments.com&utm_medium=referral&utm_campaign=Gold,Greystar Real Estate Partners,
400 North Ervay,https://www.apartments.com/400-north-ervay-dallas-tx/z005k0x/,http://400northervay.com/,Allied Property Management,
5 Mockingbird Apartments,https://www.apartments.com/5-mockingbird-apartments-dallas-tx/hx6mhk1/,https://www.5mockingbird.com/?utm_knock=a,Valiant Residential,Knockbot
Miro,https://www.apartments.com/miro-dallas-tx/crx2bhg/,https://www.livemiro.com/,Greystar Real Estate Partners,Realpage
7900 at Park Central,https://www.apartments.com/7900-at-park-central-dallas-tx/bfhp13b/,http://www.liveat7900.com/,Inland Real Estate Group Of Companies Inc,Respage
Maple at Med Center,https://www.apartments.com/maple-at-med-center-dallas-tx/ynv8bgr/,http://www.altamaplestation.com/,B M Management,
The Destination,https://www.apartments.com/the-destination-dallas-tx/yvcqj4t/,N/A,Perry Guest Company,
Lexington,https://www.apartments.com/lexington-dallas-tx/phvbbcs/,https://thelexingtonapts.com/,Ashcroft Capital Llc,
Trails of White Rock,https://www.apartments.com/trails-of-white-rock-dallas-tx/mn0vvbj/,http://www.thetrailsofwhiterock.com/,Sunridge Management Group Inc,
The Azul,https://www.apartments.com/the-azul-dallas-tx/sp4stq6/,http://www.theazulindallas.com/,City Gate Property Group,
Adair Off Addison,https://www.apartments.com/adair-off-addison-dallas-tx/44mprvk/,https://www.liveatadairoffaddison.com/?rccustomid=9,Greystar Real Estate Partners,text us
PARKS AT WALNUT,https://www.apartments.com/parks-at-walnut-dallas-tx/75myksz/,https://www.parksatwalnut.com/?utm_knock=a,Fpi Management,Knockbot
North Creek Dallas,https://www.apartments.com/north-creek-dallas-dallas-tx/3b5d61g/,https://www.northcreekapthomes.com/,,N/A
Tides on McCallum South,https://www.apartments.com/tides-on-mccallum-south-dallas-tx/qbhp11y/,N/A,,
Paragon Apartments,https://www.apartments.com/paragon-apartments-dallas-tx/39vdfld/,https://www.cimanagement.com/4718-4722-reiger,Ci Management,
Birchwood,https://www.apartments.com/birchwood-dallas-tx/5dq0t5m/,https://www.birchwooddallas.com/,Sandalwood Management Inc,
Palladium RedBird,https://www.apartments.com/palladium-redbird-dallas-tx/nbgr5zn/,https://palladiumredbird.com/,Omnium,
Casa Luna,https://www.apartments.com/casa-luna-dallas-tx/hn0sgc3/,https://casalunatx.com/,Dasmen Residential Llc,
Bleecker at The Sound,https://www.apartments.com/bleecker-at-the-sound-coppell-tx/4lwx78j/,https://www.bleeckerapts.com/?rcstdid=OQ%3d%3d-o6qee6pfj48%3d,Billingsley Company,Respage
The Retreat at Grand Prairie 62+,https://www.apartments.com/the-retreat-at-grand-prairie-62-grand-prairie-tx/kfjjvr8/,http://www.theretreatgp.com/,,
Harpers at The Sound,https://www.apartments.com/harpers-at-the-sound-coppell-tx/hcvqk72/,https://www.harpersapts.com/?rcstdid=OQ%3d%3d-o6qee6pfj48%3d,Billingsley Company,Respage
Prairie Crossing,https://www.apartments.com/prairie-crossing-farmers-branch-tx/gn8bf0y/,https://www.liveatprairiecrossing.com/,Greystar Real Estate Partners,text us
The Anthem,https://www.apartments.com/the-anthem-irving-tx/79grfbz/,https://anthemvalleyranch.com/,Ashcroft Capital Llc,
Mount Vernon,https://www.apartments.com/mount-vernon-desoto-tx/r4729z0/,http://www.mountvernondesoto.com/,Wrh Realty Services,text us
Terra Lago - Lakefront Apartments,https://www.apartments.com/terra-lago-lakefront-apartments-rowlett-tx/dpqzmpk/,https://terralagoapts.com/,Sunridge Management Group Inc,
The Beverly Apartments,https://www.apartments.com/the-beverly-apartments-richardson-tx/16q7xw7/,https://thebeverlyateam.com/switch_cls[id]/67828/,Rreaf Holdings,N/A
Uptown Trail,https://www.apartments.com/uptown-trail-dallas-tx/6nssw6s/,https://www.gables.com/communities/texas/dallas/gables-uptown-trail/?utm_knock=a,Clarion Partners,
One Uptown,https://www.apartments.com/one-uptown-dallas-tx/vjmnzvd/,http://www.oneuptown.com/,Lincoln Property Company,
MAA Meridian,https://www.apartments.com/maa-meridian-dallas-tx/34fmwte/,https://www.maac.com/texas/dallas/maa-meridian/?utm_medium=ils&utm_source=costar&utm_campaign=listing,Mid America Apartment Communities Inc,
Gables Mirabella,https://www.apartments.com/gables-mirabella-dallas-tx/0q3w1n3/,https://www.gables.com/communities/texas/dallas/gables-mirabella/?utm_knock=a,Clarion Partners,PERQ
Lakewood on the Trail,https://www.apartments.com/lakewood-on-the-trail-dallas-tx/qeq61kw/,https://www.lakewoodonthetrail.com/switch_cls[id]=65540/?utm_source=Apartments.com&utm_content=Listing,Mill Creek Residential Trust Llc,N/A
Gables Villa Rosa,https://www.apartments.com/gables-villa-rosa-dallas-tx/n93qf1m/,https://www.gables.com/communities/texas/dallas/gables-villa-rosa/?utm_knock=a,Clarion Partners,PERQ
MAA Gallery,https://www.apartments.com/maa-gallery-dallas-tx/7jfxydy/,https://www.maac.com/texas/dallas/maa-gallery/?utm_medium=ils&utm_source=costar&utm_campaign=listing,Mid America Apartment Communities Inc,
The Southwestern,https://www.apartments.com/the-southwestern-dallas-tx/l18tsvg/,http://www.thesouthwestern.com/,Morgan,LeaseHawk
2660 at Cityplace,https://www.apartments.com/2660-at-cityplace-dallas-tx/nx6r15n/,http://www.2660cityplace.com/,Lincoln Property Company,Knockbot
Ash at the Branch,https://www.apartments.com/ash-at-the-branch-dallas-tx/1tyjb64/,http://www.liveattheash.com/,S2 Capital Llc,
Alexan Lower Greenville,https://www.apartments.com/alexan-lower-greenville-dallas-tx/yf4wfgv/,https://alexanlowergreenville.com/,Lincoln Property Company,PERQ
Gables Turtle Creek Cityplace,https://www.apartments.com/gables-turtle-creek-cityplace-dallas-tx/z9jb1zx/,https://www.gables.com/communities/texas/dallas/gables-turtle-creek-cityplace/?utm_knock=a,Clarion Partners,
Riviera at West Village,https://www.apartments.com/riviera-at-west-village-dallas-tx/8ez4we0/,https://www.rivierawestvillage.com/?switch_cls[id]/94845/,Greystar Real Estate Partners,N/A
1900 McKinney Avenue,https://www.apartments.com/1900-mckinney-avenue-dallas-tx/d2tthyj/,https://www.1900mckinney.com/?ilm=costar,Greystar Real Estate Partners,Realpage
Everleigh Forestwood 55+ Active Adult Apar...,https://www.apartments.com/everleigh-forestwood-55-active-adult-apar-dallas-tx/dv0ehck/,https://liveeverleigh.com/communities/dallas-forestwood/?switch_cls[id]=95309,Greystar Real Estate Partners,
The Henderson,https://www.apartments.com/the-henderson-dallas-tx/8febzd0/,https://www.gables.com/communities/texas/dallas/the-henderson/?utm_knock=a,Clarion Partners,
Grand Reserve,https://www.apartments.com/grand-reserve-dallas-tx/d7l1fek/,http://www.livegrandreserve.com/,B M Management,
Windsor Fitzhugh,https://www.apartments.com/windsor-fitzhugh-dallas-tx/gw1lthx/,http://www.windsorfitzhugh.com/,Gid Investment Advisors Llc,text us
Preston Bend,https://www.apartments.com/preston-bend-dallas-tx/9vxlek4/,http://www.prestonbend.anterra.com/,Anterra Management Corporation,text us
The Crosby,https://www.apartments.com/the-crosby-dallas-tx/dlpqkth/,https://www.thecrosbydallastexas.com/?utm_source=apartments.com&utm_medium=referral&utm_campaign=platinum&UTM_Knock=apr,Zrs Management,Rentgrata
4110 Fairmount,https://www.apartments.com/4110-fairmount-dallas-tx/0p1tp53/,https://www.4110fairmount.com/ils/1/switch_cls[id]/64181,Greystar Real Estate Partners,N/A
Grand Seasons Apartment Homes,https://www.apartments.com/grand-seasons-apartment-homes-dallas-tx/07d2hy3/,https://www.morgan-properties.com/apartments/tx/dallas/grand-seasons/?utm_source=Apartments.com&utm_medium=ILS Site&utm_campaign=Grand Seasons Apartments.com,Morgan Properties,
The Village Lakes,https://www.apartments.com/the-village-lakes-dallas-tx/yqyf35s/,http://www.thevillagedallas.com/,Lincoln Property Company,
LTD West Commerce,https://www.apartments.com/ltd-west-commerce-dallas-tx/wj6qrlh/,http://www.ltdwestcommerce.com/?utm_knock=costar,Rpm,Knockbot
2828,https://www.apartments.com/2828-dallas-tx/nqlyg6p/,https://www.live2828.com/?rccustomid=OQ==-o6qee6pfj48=,,
Strata,https://www.apartments.com/strata-dallas-tx/pfl9pzv/,http://www.simpsonpropertygroup.com/apartments/dallas-texas/strata-dallas?vrurl=apartments.com,Simpson Housing,text us
MAA Medical District,https://www.apartments.com/maa-medical-district-dallas-tx/twcwp89/,https://www.maac.com/texas/dallas/maa-medical-district/?utm_medium=ils&utm_source=costar&utm_campaign=listing,Mid America Apartment Communities Inc,PERQ
Park 5940 MD,https://www.apartments.com/park-5940-md-dallas-tx/hxwqfe0/,https://www.gables.com/communities/texas/dallas/park-5940-md/?utm_knock=a,Clarion Partners,
Ascent Victory Park,https://www.apartments.com/ascent-victory-park-dallas-tx/zw33j8y/,https://www.ascentvictorypark.com/?switch_cls[id]=64181,Greystar Real Estate Partners,N/A
The Nash,https://www.apartments.com/the-nash-dallas-tx/gs84rjw/,https://www.thenashdallas.com/the-nash-dallas-tx/,Lincoln Property Company,
The Katy,https://www.apartments.com/the-katy-dallas-tx/efk828m/,http://www.thekaty.com/,Lincoln Property Company,
Arrive West End,https://www.apartments.com/arrive-west-end-dallas-tx/tmr98vb/,https://www.arrivewestend.com/switch_cls[id]/63820/,Fpa Multifamily Llc,N/A
The Academic,https://www.apartments.com/the-academic-dallas-tx/rz2v5w3/,https://theacademicdallas.com/,Greystar Real Estate Partners,
The Courts at Preston Oaks,https://www.apartments.com/the-courts-at-preston-oaks-dallas-tx/n6p5qdp/,http://www.mycourtsapartments.com/,Nals Apartment Homes,
Urban House Apartments,https://www.apartments.com/urban-house-apartments-dallas-tx/ke2qh0b/,http://www.urbanhouseapartments.com/?utm_knock=a,Grand Peaks Properties Inc,Knockbot
Larq Henderson,https://www.apartments.com/larq-henderson-dallas-tx/mwb0vzh/,https://www.simpsonpropertygroup.com/apartments/dallas-texas/larq-henderson-knox-henderson?vrurl=www.apartments.com,Simpson Housing,
Marquis at Texas Street,https://www.apartments.com/marquis-at-texas-street-dallas-tx/lp2clfe/,https://www.cwsapartments.com/marquis-at-texas-street-dallas-tx?utm_source=CoStar&utm_medium=Referral,Cws Capital Partners Llc,
The Marquis of State Thomas,https://www.apartments.com/the-marquis-of-state-thomas-dallas-tx/e2pzm0m/,https://www.cwsapartments.com/apartments/tx/dallas/marquis-state-thomas/?utm_source=CoStar&utm_medium=Referral,Cws Capital Partners Llc,
The Village Bend,https://www.apartments.com/the-village-bend-dallas-tx/0f4qjt2/,http://www.thevillagedallas.com/,Lincoln Property Company,
Radius Turtle Creek,https://www.apartments.com/radius-turtle-creek-dallas-tx/d2b8enk/,http://www.radiusturtlecreek.com/,Lincoln Property Company,
Alexan West Dallas,https://www.apartments.com/alexan-west-dallas-dallas-tx/tz6pjz8/,https://www.alexanwestdallas.com/?rccustomid=OQ==-o6qee6pfj48=,Greystar Real Estate Partners,
The Pearl On Frankford,https://www.apartments.com/the-pearl-on-frankford-dallas-tx/lhfr15e/,https://www.thepearlonfrankford.com/?utm_knock=a,,Knockbot
Tivoli Apartments,https://www.apartments.com/tivoli-apartments-dallas-tx/2yp19x9/,https://www.tivoliapartmentstx.com/,Calstrs,text us
The Dunhill,https://www.apartments.com/the-dunhill-dallas-tx/0x2srz2/,N/A,Perry Guest Company,
Ardan,https://www.apartments.com/ardan-dallas-tx/2vwmynb/,https://ardanapts.com/switch_cls[id]=65540/?utm_source=Apartments.com&utm_content=Listing,Mill Creek Residential Trust Llc,N/A
Glass House by Windsor,https://www.apartments.com/glass-house-by-windsor-dallas-tx/tzxstmc/,http://www.glasshousebywindsor.com/,Gid Investment Advisors Llc,text us
Soho,https://www.apartments.com/soho-dallas-tx/smkxmv6/,https://www.livesohoapts.com/?utm_knock=a,Cirrus Asset Management Inc,Knockbot
Eleven10 at Farmers Market,https://www.apartments.com/eleven10-at-farmers-market-dallas-tx/777yw0x/,https://www.steadfastliving.com/Apartments-In/Dallas-TX/Eleven10-at-Farmers-Market?utm_source=CoStar-Apartments&utm_medium=listings,,
Maple District Lofts,https://www.apartments.com/maple-district-lofts-dallas-tx/8gze950/,http://www.mapledistrictdallas.com/,Benjamin E Sherman Sons Inc,
Macallan on Ross,https://www.apartments.com/macallan-on-ross-dallas-tx/jr1hjj4/,https://www.alapts.com/apartments/tx/dallas/macallan-at-ross/amenities,American Landmark,
MAA Uptown Village,https://www.apartments.com/maa-uptown-village-dallas-tx/bzf2k29/,https://www.maac.com/texas/dallas/maa-uptown-village/?utm_medium=ils&utm_source=costar&utm_campaign=listing,Mid America Apartment Communities Inc,PERQ
Gables Katy Trail,https://www.apartments.com/gables-katy-trail-dallas-tx/dm7q5vl/,https://www.gables.com/communities/texas/dallas/gables-katy-trail/?utm_knock=a,Clarion Partners,PERQ
SHOREVIEW FLATS,https://www.apartments.com/shoreview-flats-dallas-tx/3rdfb0d/,https://www.shoreviewdallas.com/cs/,Village Green,
MAA Deer Run,https://www.apartments.com/maa-deer-run-dallas-tx/4nkzq6h/,https://www.maac.com/texas/dallas/maa-deer-run/?utm_medium=ils&utm_source=costar&utm_campaign=listing,Mid America Apartment Communities Inc,PERQ
Atelier,https://www.apartments.com/atelier-dallas-tx/x4p46rm/,https://www.atelierdallas.com/?utm_source=apartments.com&utm_medium=referral&utm_campaign=platinum&UTM_Knock=apr,Zrs Management,Rentgrata
Cityplace Heights,https://www.apartments.com/cityplace-heights-dallas-tx/e95rjrn/,http://www.cityplaceheights.com/,Sentinel Real Estate Corporation,
Halston on Frankford,https://www.apartments.com/halston-on-frankford-dallas-tx/h5vyet2/,https://halstononfrankfordapts.com/?utm_source=ILS&utm_medium=apartments.com&utm_campaign=website link,Ashcroft Capital Llc,N/A
Windsor by the Galleria,https://www.apartments.com/windsor-by-the-galleria-dallas-tx/cdveplg/,https://www.windsorbythegalleria.com/,Gid Investment Advisors Llc,text us
Dallas North Park Apartments,https://www.apartments.com/dallas-north-park-apartments-dallas-tx/16pw636/,https://www.dallasnorthparkapts.com/,Bridge Investment Group,
Axis at Wycliff,https://www.apartments.com/axis-at-wycliff-dallas-tx/dtcxzel/,http://www.axiswycliff.com/,Benjamin E Sherman Sons Inc,
Metropolitan at Cityplace,https://www.apartments.com/metropolitan-at-cityplace-dallas-tx/53smwkq/,https://www.metropolitancityplace.com/,,
Fairways at Prestonwood,https://www.apartments.com/fairways-at-prestonwood-dallas-tx/zq3mttz/,http://www.fairways411.com/,The Paskin Group,
Bridgeport,https://www.apartments.com/bridgeport-dallas-tx/el508cn/,http://www.bridgeportapthome.com/,Bsr Real Estate Investment Trust,
South Side Flats,https://www.apartments.com/south-side-flats-dallas-tx/r7d81c0/,https://www.southsideflatsapts.com/?utm_source=Apartments.com&utm_medium=ILS,Waterton,
Keystone Falls Apartments,https://www.apartments.com/keystone-falls-apartments-dallas-tx/k0dlvr9/,https://www.liveatkeystonefalls.com/?utm_knock=a,Western Wealth Communities,BetterBot
Echelon at Reverchon Bluffs,https://www.apartments.com/echelon-at-reverchon-bluffs-dallas-tx/d19sqnk/,https://www.reverchonbluffs.com/,,
The Callie,https://www.apartments.com/the-callie-dallas-tx/ng9050m/,https://triconresidential.com/apartment/grand-cypress-cove/?utm_source=costar&utm_medium=paid-listing&utm_campaign=costar&utm_content=for-rent,Tricon Residential,
Pear Ridge,https://www.apartments.com/pear-ridge-dallas-tx/2d7clxc/,http://www.pearridgeapts.com/,Price Brothers,Respage
Waterford @ Bellmar,https://www.apartments.com/waterford-bellmar-dallas-tx/ydyrnwr/,https://www.waterforddallas.com/?utm_knock=a,Knightvest Management,Realpage
Cambridge Court,https://www.apartments.com/cambridge-court-dallas-tx/debep0h/,http://www.cambridgecourtapartmenthomes.com/,Fath Properties,text us
Everton @ Bellmar,https://www.apartments.com/everton-bellmar-dallas-tx/q4d5ngw/,https://www.evertonapartmentsdallas.com/?utm_knock=a,Knightvest Management,Realpage
Madison @ Bellmar,https://www.apartments.com/madison-bellmar-dallas-tx/wpebcql/,https://www.madisonapartmentsdallas.com/?utm_knock=a,Knightvest Management,Knockbot
Vistas at Pinnacle Park,https://www.apartments.com/vistas-at-pinnacle-park-dallas-tx/72chpky/,http://livevistaspinnaclepark.com/,Casoro Group,N/A
Verge,https://www.apartments.com/verge-dallas-tx/kvpfwsc/,https://www.vergedallas.com/?utm_knock=costar,Presidium Group,Knockbot
Eagle Crossing Apts,https://www.apartments.com/eagle-crossing-apts-dallas-tx/2vd6bkb/,http://www.eaglecrossingapts.com/,Sunridge Management Group Inc,
The Brixton Apartments,https://www.apartments.com/the-brixton-apartments-dallas-tx/p30y07s/,https://liveatthebrixton.com/?utm_knock=a,S2 Capital Llc,Knockbot
Grand Estates @ Kessler Park,https://www.apartments.com/grand-estates-kessler-park-dallas-tx/lq9vhrf/,http://grandpeaks.com/texas/grand-estates-at-kessler-park/?utm_knock=a,Grand Peaks Properties Inc,Knockbot
Spring Parc,https://www.apartments.com/spring-parc-dallas-tx/gxgv3gz/,http://www.springparc.com/?utm_knock=a,Caf Capital Partners,Knockbot
Solarium Apartments,https://www.apartments.com/solarium-apartments-dallas-tx/wdcrvbj/,N/A,,
Bristol Apartment Living,https://www.apartments.com/bristol-apartment-living-dallas-tx/ytx8zpr/,http://www.bristolaptstx.com/,Anterra Management Corporation,text us
The Continental,https://www.apartments.com/the-continental-dallas-tx/pmvs2ft/,https://www.continentaldallas.com/,Brookfield Properties Multifamily Llc,
The Premier at Prestonwood,https://www.apartments.com/the-premier-at-prestonwood-dallas-tx/80szs03/,http://thepremieratprestonwood.com/,Premier Property Management,N/A
Neo At Midtown,https://www.apartments.com/neo-at-midtown-dallas-tx/spkbyn6/,N/A,S2 Capital Llc,
The Monroe,https://www.apartments.com/the-monroe-dallas-tx/ml7m4qj/,http://www.monroedallas.com/?utm_source=Apartments.com&utm_medium=ILS,Pinnacle Property Management Services Llc,
Lakewood Greens,https://www.apartments.com/lakewood-greens-dallas-tx/nccz1fq/,https://www.lakewoodgreens.com/?ilm=costar,Greystar Real Estate Partners,N/A
Marsh Creek Apartments,https://www.apartments.com/marsh-creek-apartments-dallas-tx/ecr2shm/,http://www.marshcreekapartments.com/,Dayrise Residential Llc,My Showing
McCallum Highlands,https://www.apartments.com/mccallum-highlands-dallas-tx/vcvq43e/,http://property.onesite.realpage.com/templates/template_concept04_hex/default.asp?w=mccallumhighlands,Colgate Mccallum Advisors Inc,
Woodside Lane Apartments,https://www.apartments.com/woodside-lane-apartments-dallas-tx/82s47w2/,https://www.woodsidelaneapts.com/,Legend Asset Management,N/A
The Merc,https://www.apartments.com/the-merc-dallas-tx/n52nd8m/,https://www.mercdallas.com/,Brookfield Properties Multifamily Llc,
Hyde Park At Montfort,https://www.apartments.com/hyde-park-at-montfort-dallas-tx/c7z2etg/,http://www.hydeparkmontfort.com/,Rpm,Knockbot
Riverfalls @ Bellmar,https://www.apartments.com/riverfalls-bellmar-dallas-tx/0tfmfd0/,https://www.riverfallsdallas.com/?utm_knock=a,Knightvest Management,Realpage
NINETY-NINE 44 WALNUT,https://www.apartments.com/ninety-nine-44-walnut-dallas-tx/j50yl54/,https://www.ninetynine44onwalnut.com/?utm_knock=a,Fpi Management,Knockbot
Oaks Trinity,https://www.apartments.com/oaks-trinity-dallas-tx/8r05p81/,https://www.oaksproperties.com/apartments/tx/dallas/trinity/?utm_source=GMB&utm_medium=organic,Oaks Properties Llc,BetterBot
The Oaks at Hampton,https://www.apartments.com/the-oaks-at-hampton-dallas-tx/shn1wn4/,https://theoaksathampton.com/,,N/A
The District by Wedgewood,https://www.apartments.com/the-district-by-wedgewood-dallas-tx/q3des4w/,https://www.liveatindio.com/the-district,Indio Management,AnyoneHome
Andalusian Gate,https://www.apartments.com/andalusian-gate-dallas-tx/bb1hytc/,http://www.andalusiangate.com/,Thomas C Mercer,
Parkford Oaks Apartments,https://www.apartments.com/parkford-oaks-apartments-dallas-tx/5qdbysm/,http://www.parkfordoaks.com/,Michael Stevens Interests Inc,Respage
Creekview Apartment Homes,https://www.apartments.com/creekview-apartment-homes-dallas-tx/mnyyd0h/,http://www.creekviewapts.com/,Price Brothers,Respage
Highland Park West Lemmon,https://www.apartments.com/highland-park-west-lemmon-dallas-tx/5btnq7q/,https://connorgroup.com/apartments-dallas-tx/highland-park/?utm_source=listing&utm_campaign=apartments,,
Hue at Cityplace,https://www.apartments.com/hue-at-cityplace-dallas-tx/0tyfhh3/,http://www.hueatcityplace-apts.com/,Indio Management,
Belterra Apartments,https://www.apartments.com/belterra-apartments-dallas-tx/s0ytyq6/,http://www.liveatbelterradallas.com/,Valcap Group,PERQ
Concrete Jungle Properties-DALLAS,https://www.apartments.com/concrete-jungle-properties-dallas-dallas-tx/4ql0sjk/,N/A,,
Tides on Rosemeade East,https://www.apartments.com/tides-on-rosemeade-east-dallas-tx/69neqyr/,https://www.tidesonrosemeadeeast.com/,The Robinson Group,
Clark Ridge Canyon,https://www.apartments.com/clark-ridge-canyon-dallas-tx/s57fl17/,http://www.clarkridgecanyon.com/,Devonshire Real Estate And Asset Management,
Seville @ Bellmar,https://www.apartments.com/seville-bellmar-dallas-tx/8jpss82/,https://www.sevilledallas.com/?utm_knock=a,Knightvest Management,Realpage
The Ayva at Oaklawn,https://www.apartments.com/the-ayva-at-oaklawn-dallas-tx/zxrm2dz/,https://villatorinoinfo.com/,United Apartment Group,
Bluffs at Lakewood,https://www.apartments.com/bluffs-at-lakewood-dallas-tx/8kpeqr3/,https://www.bluffsatlakewood.com/?utm_knock=a,Indio Management,Knockbot
Bellevue at the Bluffs,https://www.apartments.com/bellevue-at-the-bluffs-dallas-tx/slt7xj6/,http://www.aurabluffview.com/?utm_source=costar&utm_medium=referral&utm_campaign=ils,,
Huntington Lakes,https://www.apartments.com/huntington-lakes-dallas-tx/v8c7gsf/,N/A,Ilan Investments,
Veridian Place,https://www.apartments.com/veridian-place-dallas-tx/fm3xwjs/,http://www.veridianplace.com/,United Apartment Group,
The Hamptons,https://www.apartments.com/the-hamptons-dallas-tx/jzl8hf7/,http://www.thehamptonstx.com/,Anterra Management Corporation,text us
Lakeside Apartments,https://www.apartments.com/lakeside-apartments-dallas-tx/ksk0yfb/,http://www.lakesidedallas.com/,Valiant Residential,
The Oaks of North Dallas,https://www.apartments.com/the-oaks-of-north-dallas-dallas-tx/rb5ccq2/,http://www.theoaksofnorthdallas.com/,,N/A
Avondale Parc @ Bellmar,https://www.apartments.com/avondale-parc-bellmar-dallas-tx/0vv5bj2/,https://www.avondaleparcapts.com/?utm_knock=a#,Knightvest Management,Realpage
Everwood Apartments,https://www.apartments.com/everwood-apartments-dallas-tx/fgmeg9r/,http://www.everwoodapartments.com/,,
The Monet Apartments,https://www.apartments.com/the-monet-apartments-dallas-tx/fftnjmv/,https://www.themonetapartments.com/,,
Residence at Lake Highlands,https://www.apartments.com/residence-at-lake-highlands-dallas-tx/lz585zd/,http://www.residenceatlakehighlands.com/contact,Nitya Capital,
Aberdeen @ Bellmar,https://www.apartments.com/aberdeen-bellmar-dallas-tx/d1wk99k/,https://www.aberdeendallas.com/?utm_knock=a,Knightvest Management,Knockbot
Preston Park,https://www.apartments.com/preston-park-dallas-tx/cgrfc7f/,N/A,Fath Properties,
The Willows on Rosemeade,https://www.apartments.com/the-willows-on-rosemeade-dallas-tx/l7bbmbd/,http://www.willowsapts.com/,Priderock Capital Partners Llc,
Hadley at Bellmar,https://www.apartments.com/hadley-at-bellmar-dallas-tx/0z1emf3/,https://www.hadleydallas.com/?utm_knock=a,Knightvest Management,Realpage
Davenport Apartments,https://www.apartments.com/davenport-apartments-dallas-tx/gzlj6qz/,https://www.davenport-apts.com/?rcstdid=OQ%3d%3d-o6qee6pfj48%3d,Westdale Real Estate Investment And Management,text us
Champions of North Dallas,https://www.apartments.com/champions-of-north-dallas-dallas-tx/0n8e863/,http://www.championsnorthdallas.com/?utm_source=Costar-Apartments&utm_medium=ILS&utm_campaign=platinum,Pinnacle Property Management Services Llc,BetterBot
The Loren Apartments,https://www.apartments.com/the-loren-apartments-dallas-tx/nlc2vzp/,https://liveattheloren.com/?utm_knock=a,S2 Capital Llc,Knockbot
The Woods at Five Mile Creek,https://www.apartments.com/the-woods-at-five-mile-creek-dallas-tx/gl1162z/,http://www.woodsdallas.com/,Topaz Asset Management,Knockbot
Ladera Apartments,https://www.apartments.com/ladera-apartments-dallas-tx/pm8p44r/,https://www.willmax.net/ladera.html?utm_source=ApartmentsDotCom&utm_medium=web&utm_campaign=ladera,Willmax Capital Management,
The Wilshire,https://www.apartments.com/the-wilshire-dallas-tx/e551ctm/,N/A,Perry Guest Company,
Fountains of Jupiter,https://www.apartments.com/fountains-of-jupiter-dallas-tx/s1ph114/,https://www.fountainsofjupiter.com/,Colgate Mccallum Advisors Inc,
Ashwood Park Apartments,https://www.apartments.com/ashwood-park-apartments-dallas-tx/1rby186/,http://www.myashwoodpark.com/,Irwin R Rose Company,Realpage
Avenida Crossing,https://www.apartments.com/avenida-crossing-dallas-tx/bxcvk4b/,http://www.avenidacrossing.com/,,
Toscana Apartments,https://www.apartments.com/toscana-apartments-dallas-tx/4tf25fh/,http://layerslife.com/,Hlc Equity,
Bella Vista Sol,https://www.apartments.com/bella-vista-sol-dallas-tx/4mmhdsh/,https://www.bellavistasol.com/,,BetterBot
The Doral & Monfort Valley,https://www.apartments.com/the-doral-monfort-valley-dallas-tx/99tl774/,https://avpmcorp.com/listing/the-doral/,Avpm,
South Pointe Apartments,https://www.apartments.com/south-pointe-apartments-dallas-tx/33bezge/,http://www.southpointeapthomes.com/,Cohen Esrey Real Estate Services Llc,
Vantage Point Apartments,https://www.apartments.com/vantage-point-apartments-dallas-tx/7ldmqey/,https://www.vantagepointdallas.com/?utm_knock=a,Knightvest Management,Knockbot
Solaris,https://www.apartments.com/solaris-dallas-tx/c3q5hsf/,https://www.solarisdallas.com/,Valcap Group,PERQ
GREEN HOUSE FLATS,https://www.apartments.com/green-house-flats-dallas-tx/7qpqm9w/,http://www.powerproperties.com/,Power Properties,
Mountain Creek Apartments,https://www.apartments.com/mountain-creek-apartments-dallas-tx/yx0ghjv/,https://www.mountaincreekapts.com/?utm_knock=a,Odin Properties,Knockbot
Crossings on Marsh,https://www.apartments.com/crossings-on-marsh-dallas-tx/w9lrd9h/,http://www.mycrossingsonmarsh.com/,Irwin R Rose Company,Realpage
Tides on Rosemeade West,https://www.apartments.com/tides-on-rosemeade-west-dallas-tx/803mb00/,https://www.tidesonrosemeadewest.com/,The Robinson Group,
Linear,https://www.apartments.com/linear-dallas-tx/cxql2xf/,http://www.lineardallas.com/?utm_knock=costar,Presidium Group,Knockbot
The Timbers,https://www.apartments.com/the-timbers-dallas-tx/695gggt/,http://www.timbers3565.com/,United Apartment Group,
Fifteen Forty Apartments,https://www.apartments.com/fifteen-forty-apartments-dallas-tx/y4my55v/,http://fifteenfortydallas.com/,Indio Management,
Aspen Creek,https://www.apartments.com/aspen-creek-dallas-tx/lx1m3rf/,http://www.aspencreektx.com/,Anterra Management Corporation,text us
Villas Del Rey,https://www.apartments.com/villas-del-rey-dallas-tx/q4y5sjz/,http://www.villasdelreyapartments.com/,United Apartment Group,N/A
Exchange 7272,https://www.apartments.com/exchange-7272-dallas-tx/yqxvscr/,https://exchange7272apts.com/,Ashcroft Capital Llc,
Redbird Trails Apartment Homes,https://www.apartments.com/redbird-trails-apartment-homes-dallas-tx/jgq25w4/,N/A,,
Ventana,https://www.apartments.com/ventana-dallas-tx/wqyezdh/,https://www.liveatventana.com/,,N/A
Vista Buena Apartments,https://www.apartments.com/vista-buena-apartments-dallas-tx/eedh3lm/,http://www.vistabuenaapts.com/,Ambo Properties,
6500 South,https://www.apartments.com/6500-south-dallas-tx/ldztn6f/,http://www.liveat6500.com/,Dayrise Residential Llc,My Showing
Volara Apartments,https://www.apartments.com/volara-apartments-dallas-tx/e26wlqq/,https://livevolara.com/?utm_knock=a,S2 Capital Llc,Knockbot
Azure Urban Living,https://www.apartments.com/azure-urban-living-dallas-tx/34f75mg/,http://www.azureurbanliving.com/,Devonshire Real Estate And Asset Management,
The Greens of Hickory Trails,https://www.apartments.com/the-greens-of-hickory-trails-dallas-tx/98gpxn4/,https://www.livegreensofhickorytrail.com/?utm_knock=a,Uv Residential,PERQ
Muse,https://www.apartments.com/muse-dallas-tx/st58e06/,https://www.s2cp.com/themuse,Nitya Capital,
Bella Vista Pointe Apartments,https://www.apartments.com/bella-vista-pointe-apartments-dallas-tx/ydsc7cs/,https://www.bellavistapointe.com/,,BetterBot
Sedona Ridge,https://www.apartments.com/sedona-ridge-dallas-tx/77vx1dz/,http://www.sedonaridgeapt.com/,Legend Asset Management,Knockbot
Lancaster Urban Village,https://www.apartments.com/lancaster-urban-village-dallas-tx/qtd35nw/,https://www.lancasterurbanvillage.com/,Capstone Real Estate Services Inc,N/A
Meadows At Ferguson,https://www.apartments.com/meadows-at-ferguson-dallas-tx/ymzflhs/,N/A,Hudson Henley Properties,
Portofino at Las Colinas,https://www.apartments.com/portofino-at-las-colinas-farmers-branch-tx/fs4r0rr/,http://adaraportal.yottareal.com/pages/HomePage.aspx?Id=115,Ilan Investments,
Highlands of Valley Ranch,https://www.apartments.com/highlands-of-valley-ranch-irving-tx/ls6qeyd/,http://www.highlandsofvalleyranch.com/,Tonti Properties,
MAA Bella Casita,https://www.apartments.com/maa-bella-casita-irving-tx/bw1lm1c/,https://www.maac.com/texas/dallas/maa-bella-casita/?utm_medium=ils&utm_source=costar&utm_campaign=listing,Mid America Apartment Communities Inc,PERQ
Overture Plano 55+ Active Adult Apartment ...,https://www.apartments.com/overture-plano-55-active-adult-apartment-plano-tx/3yyb3je/,https://www.liveoverture.com/overtureplano/?switch_cls[id]=95309&,Greystar Real Estate Partners,N/A
Gables Water Street,https://www.apartments.com/gables-water-street-irving-tx/8v0t9l1/,https://www.gables.com/communities/texas/irving/gables-water-street/?utm_knock=a,Clarion Partners,
Alders at Rockwall,https://www.apartments.com/alders-at-rockwall-rockwall-tx/bmb033c/,https://aldersrockwall.com/,Capstone Real Estate Services Inc,Realpage
zzz Marquette at Preston Park,https://www.apartments.com/zzz-marquette-at-preston-park-plano-tx/533fv6p/,https://www.residencesatprestonpark.com/?switch_cls[id]=60799,,N/A
Lakeside Lofts,https://www.apartments.com/lakeside-lofts-farmers-branch-tx/ndph2tp/,https://www.lakesidelofts.com/,Sunchase American,
Sage Hill at Cypress Waters,https://www.apartments.com/sage-hill-at-cypress-waters-coppell-tx/kew4zv8/,https://www.sagehillapts.com/,Billingsley Company,Respage
Sloane Street Apartments,https://www.apartments.com/sloane-street-apartments-carrollton-tx/lh1ck3g/,https://www.sloanestreetapts.com/?rcstdid=OQ%3d%3d-o6qee6pfj48%3d,Billingsley Company,Respage
The Arts Apartments at Broadway Commons,https://www.apartments.com/the-arts-apartments-at-broadway-commons-garland-tx/zbsw40y/,http://www.artsatbroadwaycommons.com/,The Medve Group Inc,
The Belmont at Duck Creek,https://www.apartments.com/the-belmont-at-duck-creek-garland-tx/v5ql1ne/,https://www.belmontatduckcreek.com/?utm_source=apartments_com&utm_medium=paid,Bridge Investment Group,
MacArthur Ridge Apartments,https://www.apartments.com/macarthur-ridge-apartments-irving-tx/4g9dz7h/,http://www.mymacarthurridgeapartments.com/,Nals Apartment Homes,
Verandah at Valley Ranch,https://www.apartments.com/verandah-at-valley-ranch-irving-tx/z5ex49x/,http://www.verandahvalleyranch.com/,Morguard Management Company Inc,
Old Shepard Place,https://www.apartments.com/old-shepard-place-plano-tx/wzcr30h/,http://www.oldshepardplaceapartments.com/?utm_source=Costar-Apartments&utm_medium=ILS&utm_campaign=platinum,Pinnacle Property Management Services Llc,text us
Tides on Ranchview,https://www.apartments.com/tides-on-ranchview-irving-tx/f1s6ggv/,https://www.tidesonranchview.com/,The Robinson Group,
Dominion at Mercer Crossing,https://www.apartments.com/dominion-at-mercer-crossing-farmers-branch-tx/6rgqd5v/,http://www.dominionatmercercrossing.com/plans.html,Sunridge Management Group Inc,
Falls on Clearwood Apartments,https://www.apartments.com/falls-on-clearwood-apartments-richardson-tx/cdn385g/,http://www.fallsonclearwoodapts.com/index.aspx,Omninet Capital,text us
The Trails of Valley Ranch,https://www.apartments.com/the-trails-of-valley-ranch-irving-tx/1w11g96/,http://www.trailsofvalleyranch.com/,The Paskin Group,
Cutters Point Apartment Homes,https://www.apartments.com/cutters-point-apartment-homes-richardson-tx/5jzdwhq/,https://bhmanagement.com/communities/cutters-point-apartments/?utm_source=Apartments.com&utm_medium=ad&utm_campaign=referral,Bh Management Services Llc,
Brick Row,https://www.apartments.com/brick-row-richardson-tx/m8v7r1j/,http://www.brickrowapts.com/,Lincoln Property Company,
Cayman Las Colinas,https://www.apartments.com/cayman-las-colinas-irving-tx/ljhtdrg/,http://thecaymanlascolinas.com/,Gpi Real Estate Management Corporation,
La Mirada,https://www.apartments.com/la-mirada-richardson-tx/nwjfrrp/,https://www.lamirada-apartments.com/?utm_knock=a,Caf Capital Partners,Knockbot
Monterra Las Colinas Apartments,https://www.apartments.com/monterra-las-colinas-apartments-irving-tx/2ww05yc/,http://www.monterralascolinas.com/,Sentinel Real Estate Corporation,
Promenade at Las Colinas,https://www.apartments.com/promenade-at-las-colinas-irving-tx/xjx6z4p/,http://www.promenadelascolinas.com/?utm_source=Costar&utm_medium=ILS,Bell Partners Inc,My Showing
BENT TREE TRAILS,https://www.apartments.com/bent-tree-trails-addison-tx/k8cf7s8/,https://www.willmax.net/bent-tree-trails.html?utm_source=ApartmentsDotCom&utm_medium=web&utm_campaign=bent-tree-trails,Willmax Capital Management,Respage
Miramonte,https://www.apartments.com/miramonte-richardson-tx/k8h5h39/,http://miramontetexas.com/,Showe Companies,
The Lyndon,https://www.apartments.com/the-lyndon-irving-tx/z2g8t5w/,https://www.livethelyndon.com/,Lincoln Property Company,
Gardens of Valley Ranch,https://www.apartments.com/gardens-of-valley-ranch-irving-tx/lc14mxe/,http://www.gardensofvalleyranch.com/,Dayrise Residential Llc,BetterBot
Parc at Garland,https://www.apartments.com/parc-at-garland-garland-tx/2f1re59/,http://parcatgarland.com/,Sunridge Management Group Inc,
Rockwall Commons,https://www.apartments.com/rockwall-commons-rockwall-tx/byx6ss9/,http://www.rockwallcommonsapts.com/,Lincoln Property Company,N/A
The Florence at The Harbor,https://www.apartments.com/the-florence-at-the-harbor-rockwall-tx/c4fzbtf/,http://www.theflorenceattheharbor.com/?ilm=costar,Greystar Real Estate Partners,Realpage
Windham Chase,https://www.apartments.com/windham-chase-richardson-tx/yll38zs/,https://www.windhamchase.com/,Valcap Group,PERQ
Communities of Bent Tree,https://www.apartments.com/communities-of-bent-tree-addison-tx/f3xjpct/,https://www.willmax.net/communities-at-bent-tree.html?utm_source=ApartmentsDotCom&utm_medium=web&utm_campaign=communities-at-bent-tree,Willmax Capital Management,Respage
Mission Fairways Apartments,https://www.apartments.com/mission-fairways-apartments-mesquite-tx/04wm6z0/,http://www.missionfairwaysapartments.com/,Starwood Capital Group,Knockbot
Sweetwater at Buckingham,https://www.apartments.com/sweetwater-at-buckingham-richardson-tx/w0slf2j/,http://www.sweetwateratbuckingham.com/,The Tipton Group,
Audubon Park,https://www.apartments.com/audubon-park-mesquite-tx/gwbw00x/,https://www.liveataudubonparkapts.com/,Lincoln Property Company,
Oak Glen Apartments,https://www.apartments.com/oak-glen-apartments-garland-tx/n96mfjq/,http://www.leaseoakglenapartments.com/,Valcap Group,
Midway Urban Village,https://www.apartments.com/midway-urban-village-farmers-branch-tx/618q9jt/,http://www.midwayurban.com/?utm_knock=costar,Lincoln Property Company,N/A
The Boulders,https://www.apartments.com/the-boulders-garland-tx/4sh3sfj/,N/A,Fath Properties,
Bent Tree Park Apartments,https://www.apartments.com/bent-tree-park-apartments-addison-tx/0v5xy90/,http://www.benttreeparkapartments.com/,,
Avalon 8801,https://www.apartments.com/avalon-8801-irving-tx/frgsjkr/,https://www.avalon8801.com/,Meticulous And Responsive Solutions Pm Services,
The Republic West Apartments,https://www.apartments.com/the-republic-west-apartments-garland-tx/1e6x8v7/,https://liveattherepublic.com/,S2 Capital Llc,Knockbot
Windchase Apartments,https://www.apartments.com/windchase-apartments-grand-prairie-tx/xvptesp/,http://www.mywindchase.com/,Irwin R Rose Company,Realpage
Carrollton Oaks,https://www.apartments.com/carrollton-oaks-carrollton-tx/gzvjdkz/,http://www.carrolltonoaks.com/,Turner Impact Capital Llc,N/A
Tower Village Apartments,https://www.apartments.com/tower-village-apartments-irving-tx/3l4d2ye/,https://lifeattowervillage.com/,Sb Pacific Group,
4810 Live Oak,https://www.apartments.com/4810-live-oak-dallas-tx/h0tnnt3/,https://www.cimanagement.com/4810-live-oak,Ci Management,
